timeStamp,elapsed,label,responseCode,responseMessage,threadName,dataType,success,failureMessage,bytes,sentBytes,grpThreads,allThreads,URL,Latency,IdleTime,Connect
1764782526697,1615,HTTP Request,200,OK,Test Youtube 1-1,text,true,,717308,232,2,4,https://www.youtube.com/,1212,0,1156
1764782526697,1212,HTTP Request-0,301,Moved Permanently,Test Youtube 1-1,text,true,,1591,114,2,4,https://youtube.com/,1212,0,1156
1764782527910,402,HTTP Request-1,200,OK,Test Youtube 1-1,text,true,,715717,118,2,4,https://www.youtube.com/,212,0,96
1764782527897,513,HTTP Request,200,OK,Test Youtube 1-2,text,true,,720690,232,1,3,https://www.youtube.com/,143,0,90
1764782527897,143,HTTP Request-0,301,Moved Permanently,Test Youtube 1-2,text,true,,2137,114,1,3,https://youtube.com/,143,0,90
1764782528040,370,HTTP Request-1,200,OK,Test Youtube 1-2,text,true,,718553,118,1,3,https://www.youtube.com/,189,0,65
1764782526711,1768,HTTP Request 1,200,OK,Test facebook 2-1,text,true,,73313,234,2,2,https://www.facebook.com/,1312,0,1116
1764782526711,1312,HTTP Request 1-0,301,Moved Permanently,Test facebook 2-1,text,true,,498,115,2,2,https://facebook.com/,1312,0,1116
1764782528023,456,HTTP Request 1-1,200,OK,Test facebook 2-1,text,true,,72815,119,2,2,https://www.facebook.com/,383,0,111
1764782527718,779,HTTP Request 1,200,OK,Test facebook 2-2,text,true,,73349,234,1,1,https://www.facebook.com/,317,0,109
1764782527718,317,HTTP Request 1-0,301,Moved Permanently,Test facebook 2-2,text,true,,498,115,1,1,https://facebook.com/,317,0,109
1764782528035,462,HTTP Request 1-1,200,OK,Test facebook 2-2,text,true,,72851,119,1,1,https://www.facebook.com/,390,0,99
1764782528713,722,HTTP Request 1,200,OK,Test facebook 2-3,text,true,,73338,234,1,2,https://www.facebook.com/,264,0,65
1764782528713,264,HTTP Request 1-0,301,Moved Permanently,Test facebook 2-3,text,true,,498,115,1,2,https://facebook.com/,264,0,65
1764782528977,458,HTTP Request 1-1,200,OK,Test facebook 2-3,text,true,,72840,119,1,2,https://www.facebook.com/,359,0,89
1764782529097,496,HTTP Request,200,OK,Test Youtube 1-3,text,true,,713388,232,1,1,https://www.youtube.com/,126,0,66
1764782529097,126,HTTP Request-0,301,Moved Permanently,Test Youtube 1-3,text,true,,2137,114,1,1,https://youtube.com/,126,0,66
1764782529223,370,HTTP Request-1,200,OK,Test Youtube 1-3,text,true,,711251,118,1,1,https://www.youtube.com/,191,0,68
1764782529712,666,HTTP Request 1,200,OK,Test facebook 2-4,text,true,,73340,234,1,2,https://www.facebook.com/,259,0,66
1764782529712,259,HTTP Request 1-0,301,Moved Permanently,Test facebook 2-4,text,true,,498,115,1,2,https://facebook.com/,259,0,66
1764782529972,406,HTTP Request 1-1,200,OK,Test facebook 2-4,text,true,,72842,119,1,2,https://www.facebook.com/,331,0,65
1764782530296,541,HTTP Request,200,OK,Test Youtube 1-4,text,true,,717433,232,1,2,https://www.youtube.com/,146,0,91
1764782530296,146,HTTP Request-0,301,Moved Permanently,Test Youtube 1-4,text,true,,2107,114,1,2,https://youtube.com/,146,0,91
1764782530443,394,HTTP Request-1,200,OK,Test Youtube 1-4,text,true,,715326,118,1,2,https://www.youtube.com/,178,0,66
1764782530711,843,HTTP Request 1,200,OK,Test facebook 2-5,text,true,,73289,234,1,2,https://www.facebook.com/,336,0,128
1764782530711,336,HTTP Request 1-0,301,Moved Permanently,Test facebook 2-5,text,true,,493,115,1,2,https://facebook.com/,336,0,128
1764782531047,507,HTTP Request 1-1,200,OK,Test facebook 2-5,text,true,,72796,119,1,2,https://www.facebook.com/,403,0,92
1764782531496,484,HTTP Request,200,OK,Test Youtube 1-5,text,true,,716217,232,1,2,https://www.youtube.com/,123,0,74
1764782531496,123,HTTP Request-0,301,Moved Permanently,Test Youtube 1-5,text,true,,2137,114,1,2,https://youtube.com/,123,0,74
1764782531619,361,HTTP Request-1,200,OK,Test Youtube 1-5,text,true,,714080,118,1,2,https://www.youtube.com/,181,0,66
1764782531711,756,HTTP Request 1,200,OK,Test facebook 2-6,text,true,,73301,234,1,1,https://www.facebook.com/,295,0,90
1764782531711,295,HTTP Request 1-0,301,Moved Permanently,Test facebook 2-6,text,true,,498,115,1,1,https://facebook.com/,295,0,90
1764782532006,461,HTTP Request 1-1,200,OK,Test facebook 2-6,text,true,,72803,119,1,1,https://www.facebook.com/,355,0,65
1764782532696,624,HTTP Request,200,OK,Test Youtube 1-6,text,true,,714530,232,1,2,https://www.youtube.com/,156,0,93
1764782532696,156,HTTP Request-0,301,Moved Permanently,Test Youtube 1-6,text,true,,2107,114,1,2,https://youtube.com/,156,0,93
1764782532853,467,HTTP Request-1,200,OK,Test Youtube 1-6,text,true,,712423,118,1,2,https://www.youtube.com/,222,0,89
1764782532711,678,HTTP Request 1,200,OK,Test facebook 2-7,text,true,,73615,234,1,1,https://www.facebook.com/,259,0,66
1764782532711,259,HTTP Request 1-0,301,Moved Permanently,Test facebook 2-7,text,true,,498,115,1,1,https://facebook.com/,259,0,66
1764782532970,419,HTTP Request 1-1,200,OK,Test facebook 2-7,text,true,,73117,119,1,1,https://www.facebook.com/,344,0,66
1764782533711,774,HTTP Request 1,200,OK,Test facebook 2-8,text,true,,73307,234,1,2,https://www.facebook.com/,257,0,65
1764782533711,257,HTTP Request 1-0,301,Moved Permanently,Test facebook 2-8,text,true,,498,115,1,2,https://facebook.com/,257,0,65
1764782533969,516,HTTP Request 1-1,200,OK,Test facebook 2-8,text,true,,72809,119,1,2,https://www.facebook.com/,413,0,100
1764782533897,636,HTTP Request,200,OK,Test Youtube 1-7,text,true,,714764,232,1,1,https://www.youtube.com/,163,0,101
1764782533897,163,HTTP Request-0,301,Moved Permanently,Test Youtube 1-7,text,true,,2137,114,1,1,https://youtube.com/,163,0,101
1764782534060,473,HTTP Request-1,200,OK,Test Youtube 1-7,text,true,,712627,118,1,1,https://www.youtube.com/,220,0,94
1764782534714,703,HTTP Request 1,200,OK,Test facebook 2-9,text,true,,73301,234,1,2,https://www.facebook.com/,307,0,94
1764782534714,307,HTTP Request 1-0,301,Moved Permanently,Test facebook 2-9,text,true,,498,115,1,2,https://facebook.com/,307,0,94
1764782535022,395,HTTP Request 1-1,200,OK,Test facebook 2-9,text,true,,72803,119,1,2,https://www.facebook.com/,317,0,64
1764782535099,515,HTTP Request,200,OK,Test Youtube 1-8,text,true,,721180,232,1,1,https://www.youtube.com/,110,0,65
1764782535099,110,HTTP Request-0,301,Moved Permanently,Test Youtube 1-8,text,true,,1591,114,1,1,https://youtube.com/,110,0,65
1764782535209,405,HTTP Request-1,200,OK,Test Youtube 1-8,text,true,,719589,118,1,1,https://www.youtube.com/,184,0,69
1764782535710,760,HTTP Request 1,200,OK,Test facebook 2-10,text,true,,73327,234,1,2,https://www.facebook.com/,265,0,70
1764782535710,265,HTTP Request 1-0,301,Moved Permanently,Test facebook 2-10,text,true,,498,115,1,2,https://facebook.com/,265,0,70
1764782535975,495,HTTP Request 1-1,200,OK,Test facebook 2-10,text,true,,72829,119,1,2,https://www.facebook.com/,394,0,100
1764782536300,1035,HTTP Request,200,OK,Test Youtube 1-9,text,true,,714075,232,1,2,https://www.youtube.com/,151,0,95
1764782536300,151,HTTP Request-0,301,Moved Permanently,Test Youtube 1-9,text,true,,1591,114,1,2,https://youtube.com/,151,0,95
1764782536452,883,HTTP Request-1,200,OK,Test Youtube 1-9,text,true,,712484,118,1,2,https://www.youtube.com/,223,0,77
1764782536711,1331,HTTP Request 1,200,OK,Test facebook 2-11,text,true,,73302,234,2,3,https://www.facebook.com/,590,0,196
1764782536711,590,HTTP Request 1-0,301,Moved Permanently,Test facebook 2-11,text,true,,493,115,2,3,https://facebook.com/,590,0,196
1764782537302,740,HTTP Request 1-1,200,OK,Test facebook 2-11,text,true,,72809,119,2,3,https://www.facebook.com/,534,0,89
1764782537710,1153,HTTP Request 1,200,OK,Test facebook 2-12,text,true,,73319,234,2,4,https://www.facebook.com/,357,0,160
1764782537710,357,HTTP Request 1-0,301,Moved Permanently,Test facebook 2-12,text,true,,494,115,2,4,https://facebook.com/,357,0,160
1764782538067,796,HTTP Request 1-1,200,OK,Test facebook 2-12,text,true,,72825,119,2,4,https://www.facebook.com/,590,0,186
1764782537497,1680,HTTP Request,200,OK,Test Youtube 1-10,text,true,,715044,232,2,3,https://www.youtube.com/,213,0,155
1764782537497,213,HTTP Request-0,301,Moved Permanently,Test Youtube 1-10,text,true,,2107,114,2,3,https://youtube.com/,213,0,155
1764782537710,1467,HTTP Request-1,200,OK,Test Youtube 1-10,text,true,,712937,118,2,3,https://www.youtube.com/,332,0,172
1764782538697,834,HTTP Request,200,OK,Test Youtube 1-11,text,true,,715311,232,1,2,https://www.youtube.com/,213,0,170
1764782538697,213,HTTP Request-0,301,Moved Permanently,Test Youtube 1-11,text,true,,1591,114,1,2,https://youtube.com/,213,0,170
1764782538911,620,HTTP Request-1,200,OK,Test Youtube 1-11,text,true,,713720,118,1,2,https://www.youtube.com/,360,0,225
1764782538712,918,HTTP Request 1,200,OK,Test facebook 2-13,text,true,,73283,234,1,1,https://www.facebook.com/,420,0,198
1764782538712,420,HTTP Request 1-0,301,Moved Permanently,Test facebook 2-13,text,true,,494,115,1,1,https://facebook.com/,420,0,198
1764782539132,498,HTTP Request 1-1,200,OK,Test facebook 2-13,text,true,,72789,119,1,1,https://www.facebook.com/,398,0,88
1764782539897,529,HTTP Request,200,OK,Test Youtube 1-12,text,true,,713136,232,1,2,https://www.youtube.com/,149,0,93
1764782539897,149,HTTP Request-0,301,Moved Permanently,Test Youtube 1-12,text,true,,2107,114,1,2,https://youtube.com/,149,0,93
1764782540047,379,HTTP Request-1,200,OK,Test Youtube 1-12,text,true,,711029,118,1,2,https://www.youtube.com/,186,0,68
1764782539712,876,HTTP Request 1,200,OK,Test facebook 2-14,text,true,,73311,234,1,1,https://www.facebook.com/,299,0,91
1764782539712,299,HTTP Request 1-0,301,Moved Permanently,Test facebook 2-14,text,true,,498,115,1,1,https://facebook.com/,299,0,91
1764782540011,577,HTTP Request 1-1,200,OK,Test facebook 2-14,text,true,,72813,119,1,1,https://www.facebook.com/,477,0,90
1764782540711,713,HTTP Request 1,200,OK,Test facebook 2-15,text,true,,73320,234,1,2,https://www.facebook.com/,257,0,65
1764782540711,257,HTTP Request 1-0,301,Moved Permanently,Test facebook 2-15,text,true,,498,115,1,2,https://facebook.com/,257,0,65
1764782540969,455,HTTP Request 1-1,200,OK,Test facebook 2-15,text,true,,72822,119,1,2,https://www.facebook.com/,382,0,69
1764782541098,577,HTTP Request,200,OK,Test Youtube 1-13,text,true,,715498,232,1,1,https://www.youtube.com/,110,0,67
1764782541098,110,HTTP Request-0,301,Moved Permanently,Test Youtube 1-13,text,true,,1591,114,1,1,https://youtube.com/,110,0,67
1764782541209,466,HTTP Request-1,200,OK,Test Youtube 1-13,text,true,,713907,118,1,1,https://www.youtube.com/,223,0,89
1764782541712,803,HTTP Request 1,200,OK,Test facebook 2-16,text,true,,73618,234,1,2,https://www.facebook.com/,304,0,94
1764782541712,304,HTTP Request 1-0,301,Moved Permanently,Test facebook 2-16,text,true,,498,115,1,2,https://facebook.com/,304,0,94
1764782542016,499,HTTP Request 1-1,200,OK,Test facebook 2-16,text,true,,73120,119,1,2,https://www.facebook.com/,389,0,99
1764782542298,642,HTTP Request,200,OK,Test Youtube 1-14,text,true,,714374,232,1,2,https://www.youtube.com/,148,0,81
1764782542298,148,HTTP Request-0,301,Moved Permanently,Test Youtube 1-14,text,true,,1591,114,1,2,https://youtube.com/,148,0,81
1764782542447,493,HTTP Request-1,200,OK,Test Youtube 1-14,text,true,,712783,118,1,2,https://www.youtube.com/,219,0,95
1764782542718,899,HTTP Request 1,200,OK,Test facebook 2-17,text,true,,441405,234,1,2,https://www.facebook.com/,296,0,92
1764782542718,296,HTTP Request 1-0,301,Moved Permanently,Test facebook 2-17,text,true,,498,115,1,2,https://facebook.com/,296,0,92
1764782543014,603,HTTP Request 1-1,200,OK,Test facebook 2-17,text,true,,440907,119,1,2,https://www.facebook.com/,363,0,73
1764782543505,634,HTTP Request,200,OK,Test Youtube 1-15,text,true,,716601,232,1,2,https://www.youtube.com/,153,0,103
1764782543505,153,HTTP Request-0,301,Moved Permanently,Test Youtube 1-15,text,true,,1561,114,1,2,https://youtube.com/,153,0,103
1764782543659,480,HTTP Request-1,200,OK,Test Youtube 1-15,text,true,,715040,118,1,2,https://www.youtube.com/,223,0,94
1764782543722,946,HTTP Request 1,200,OK,Test facebook 2-18,text,true,,73313,234,1,1,https://www.facebook.com/,273,0,75
1764782543722,273,HTTP Request 1-0,301,Moved Permanently,Test facebook 2-18,text,true,,498,115,1,1,https://facebook.com/,273,0,75
1764782543996,672,HTTP Request 1-1,200,OK,Test facebook 2-18,text,true,,72815,119,1,1,https://www.facebook.com/,441,0,89
1764782544711,507,HTTP Request,200,OK,Test Youtube 1-16,text,true,,713172,232,1,2,https://www.youtube.com/,146,0,91
1764782544711,146,HTTP Request-0,301,Moved Permanently,Test Youtube 1-16,text,true,,1561,114,1,2,https://youtube.com/,146,0,91
1764782544857,361,HTTP Request-1,200,OK,Test Youtube 1-16,text,true,,711611,118,1,2,https://www.youtube.com/,179,0,66
1764782544726,728,HTTP Request 1,200,OK,Test facebook 2-19,text,true,,73313,234,1,1,https://www.facebook.com/,261,0,67
1764782544726,261,HTTP Request 1-0,301,Moved Permanently,Test facebook 2-19,text,true,,498,115,1,1,https://facebook.com/,261,0,67
1764782544988,466,HTTP Request 1-1,200,OK,Test facebook 2-19,text,true,,72815,119,1,1,https://www.facebook.com/,389,0,70
1764782545714,652,HTTP Request 1,200,OK,Test facebook 2-20,text,true,,73328,234,1,2,https://www.facebook.com/,262,0,65
1764782545714,262,HTTP Request 1-0,301,Moved Permanently,Test facebook 2-20,text,true,,498,115,1,2,https://facebook.com/,262,0,65
1764782545976,390,HTTP Request 1-1,200,OK,Test facebook 2-20,text,true,,72830,119,1,2,https://www.facebook.com/,318,0,68
1764782545897,586,HTTP Request,200,OK,Test Youtube 1-17,text,true,,715809,232,1,1,https://www.youtube.com/,112,0,68
1764782545897,112,HTTP Request-0,301,Moved Permanently,Test Youtube 1-17,text,true,,2107,114,1,1,https://youtube.com/,112,0,68
1764782546009,474,HTTP Request-1,200,OK,Test Youtube 1-17,text,true,,713702,118,1,1,https://www.youtube.com/,225,0,92
1764782546713,761,HTTP Request 1,200,OK,Test facebook 2-21,text,true,,73307,234,1,2,https://www.facebook.com/,263,0,68
1764782546713,263,HTTP Request 1-0,301,Moved Permanently,Test facebook 2-21,text,true,,498,115,1,2,https://facebook.com/,263,0,68
1764782546976,498,HTTP Request 1-1,200,OK,Test facebook 2-21,text,true,,72809,119,1,2,https://www.facebook.com/,400,0,92
1764782547109,476,HTTP Request,200,OK,Test Youtube 1-18,text,true,,716550,232,1,1,https://www.youtube.com/,117,0,72
1764782547109,117,HTTP Request-0,301,Moved Permanently,Test Youtube 1-18,text,true,,1591,114,1,1,https://youtube.com/,117,0,72
1764782547227,358,HTTP Request-1,200,OK,Test Youtube 1-18,text,true,,714959,118,1,1,https://www.youtube.com/,176,0,67
1764782547712,713,HTTP Request 1,200,OK,Test facebook 2-22,text,true,,73297,234,1,2,https://www.facebook.com/,264,0,68
1764782547712,264,HTTP Request 1-0,301,Moved Permanently,Test facebook 2-22,text,true,,498,115,1,2,https://facebook.com/,264,0,68
1764782547976,449,HTTP Request 1-1,200,OK,Test facebook 2-22,text,true,,72799,119,1,2,https://www.facebook.com/,371,0,66
1764782548299,576,HTTP Request,200,OK,Test Youtube 1-19,text,true,,718791,232,1,2,https://www.youtube.com/,113,0,66
1764782548299,113,HTTP Request-0,301,Moved Permanently,Test Youtube 1-19,text,true,,1561,114,1,2,https://youtube.com/,113,0,66
1764782548413,462,HTTP Request-1,200,OK,Test Youtube 1-19,text,true,,717230,118,1,2,https://www.youtube.com/,214,0,87
1764782548712,756,HTTP Request 1,200,OK,Test facebook 2-23,text,true,,73312,234,1,1,https://www.facebook.com/,289,0,84
1764782548712,289,HTTP Request 1-0,301,Moved Permanently,Test facebook 2-23,text,true,,498,115,1,1,https://facebook.com/,289,0,84
1764782549001,467,HTTP Request 1-1,200,OK,Test facebook 2-23,text,true,,72814,119,1,1,https://www.facebook.com/,385,0,67
1764782549498,497,HTTP Request,200,OK,Test Youtube 1-20,text,true,,717566,232,1,2,https://www.youtube.com/,154,0,88
1764782549498,154,HTTP Request-0,301,Moved Permanently,Test Youtube 1-20,text,true,,1561,114,1,2,https://youtube.com/,154,0,88
1764782549652,343,HTTP Request-1,200,OK,Test Youtube 1-20,text,true,,716005,118,1,2,https://www.youtube.com/,171,0,70
1764782549713,747,HTTP Request 1,200,OK,Test facebook 2-24,text,true,,73314,234,1,1,https://www.facebook.com/,258,0,64
1764782549713,258,HTTP Request 1-0,301,Moved Permanently,Test facebook 2-24,text,true,,498,115,1,1,https://facebook.com/,258,0,64
1764782549971,489,HTTP Request 1-1,200,OK,Test facebook 2-24,text,true,,72816,119,1,1,https://www.facebook.com/,389,0,88
1764782550702,520,HTTP Request,200,OK,Test Youtube 1-21,text,true,,717931,232,1,2,https://www.youtube.com/,142,0,86
1764782550702,142,HTTP Request-0,301,Moved Permanently,Test Youtube 1-21,text,true,,1561,114,1,2,https://youtube.com/,142,0,86
1764782550844,378,HTTP Request-1,200,OK,Test Youtube 1-21,text,true,,716370,118,1,2,https://www.youtube.com/,188,0,66
1764782550714,715,HTTP Request 1,200,OK,Test facebook 2-25,text,true,,73292,234,1,1,https://www.facebook.com/,296,0,88
1764782550714,296,HTTP Request 1-0,301,Moved Permanently,Test facebook 2-25,text,true,,498,115,1,1,https://facebook.com/,296,0,88
1764782551011,418,HTTP Request 1-1,200,OK,Test facebook 2-25,text,true,,72794,119,1,1,https://www.facebook.com/,345,0,70
1764782551897,598,HTTP Request,200,OK,Test Youtube 1-22,text,true,,717194,232,1,2,https://www.youtube.com/,147,0,89
1764782551897,147,HTTP Request-0,301,Moved Permanently,Test Youtube 1-22,text,true,,2137,114,1,2,https://youtube.com/,147,0,89
1764782552044,451,HTTP Request-1,200,OK,Test Youtube 1-22,text,true,,715057,118,1,2,https://www.youtube.com/,204,0,86
1764782551711,833,HTTP Request 1,200,OK,Test facebook 2-26,text,true,,73600,234,1,1,https://www.facebook.com/,291,0,89
1764782551711,291,HTTP Request 1-0,301,Moved Permanently,Test facebook 2-26,text,true,,498,115,1,1,https://facebook.com/,291,0,89
1764782552003,541,HTTP Request 1-1,200,OK,Test facebook 2-26,text,true,,73102,119,1,1,https://www.facebook.com/,441,0,89
1764782552711,798,HTTP Request 1,200,OK,Test facebook 2-27,text,true,,73313,234,1,2,https://www.facebook.com/,262,0,65
1764782552711,262,HTTP Request 1-0,301,Moved Permanently,Test facebook 2-27,text,true,,498,115,1,2,https://facebook.com/,262,0,65
1764782552973,536,HTTP Request 1-1,200,OK,Test facebook 2-27,text,true,,72815,119,1,2,https://www.facebook.com/,434,0,89
1764782553098,594,HTTP Request,200,OK,Test Youtube 1-23,text,true,,715016,232,1,1,https://www.youtube.com/,128,0,72
1764782553098,128,HTTP Request-0,301,Moved Permanently,Test Youtube 1-23,text,true,,2137,114,1,1,https://youtube.com/,128,0,72
1764782553227,465,HTTP Request-1,200,OK,Test Youtube 1-23,text,true,,712879,118,1,1,https://www.youtube.com/,225,0,90
1764782553711,767,HTTP Request 1,200,OK,Test facebook 2-28,text,true,,73310,234,1,2,https://www.facebook.com/,265,0,67
1764782553711,265,HTTP Request 1-0,301,Moved Permanently,Test facebook 2-28,text,true,,498,115,1,2,https://facebook.com/,265,0,67
1764782553976,502,HTTP Request 1-1,200,OK,Test facebook 2-28,text,true,,72812,119,1,2,https://www.facebook.com/,399,0,91
1764782554297,537,HTTP Request,200,OK,Test Youtube 1-24,text,true,,715409,232,1,2,https://www.youtube.com/,157,0,98
1764782554297,157,HTTP Request-0,301,Moved Permanently,Test Youtube 1-24,text,true,,1591,114,1,2,https://youtube.com/,157,0,98
1764782554455,379,HTTP Request-1,200,OK,Test Youtube 1-24,text,true,,713818,118,1,2,https://www.youtube.com/,198,0,66
1764782554711,769,HTTP Request 1,200,OK,Test facebook 2-29,text,true,,73340,234,1,1,https://www.facebook.com/,266,0,67
1764782554711,266,HTTP Request 1-0,301,Moved Permanently,Test facebook 2-29,text,true,,498,115,1,1,https://facebook.com/,266,0,67
1764782554977,503,HTTP Request 1-1,200,OK,Test facebook 2-29,text,true,,72842,119,1,1,https://www.facebook.com/,431,0,71
1764782555498,569,HTTP Request,200,OK,Test Youtube 1-25,text,true,,716672,232,1,2,https://www.youtube.com/,116,0,67
1764782555498,116,HTTP Request-0,301,Moved Permanently,Test Youtube 1-25,text,true,,1561,114,1,2,https://youtube.com/,116,0,67
1764782555614,453,HTTP Request-1,200,OK,Test Youtube 1-25,text,true,,715111,118,1,2,https://www.youtube.com/,211,0,87
1764782555712,799,HTTP Request 1,200,OK,Test facebook 2-30,text,true,,73299,234,1,1,https://www.facebook.com/,262,0,66
1764782555712,262,HTTP Request 1-0,301,Moved Permanently,Test facebook 2-30,text,true,,498,115,1,1,https://facebook.com/,262,0,66
1764782555974,537,HTTP Request 1-1,200,OK,Test facebook 2-30,text,true,,72801,119,1,1,https://www.facebook.com/,436,0,90
1764782556698,581,HTTP Request,200,OK,Test Youtube 1-26,text,true,,717789,232,1,1,https://www.youtube.com/,112,0,67
1764782556698,112,HTTP Request-0,301,Moved Permanently,Test Youtube 1-26,text,true,,1561,114,1,1,https://youtube.com/,112,0,67
1764782556811,468,HTTP Request-1,200,OK,Test Youtube 1-26,text,true,,716228,118,1,1,https://www.youtube.com/,221,0,90
1764782557897,483,HTTP Request,200,OK,Test Youtube 1-27,text,true,,718832,232,1,1,https://www.youtube.com/,123,0,70
1764782557897,123,HTTP Request-0,301,Moved Permanently,Test Youtube 1-27,text,true,,1591,114,1,1,https://youtube.com/,123,0,70
1764782558020,360,HTTP Request-1,200,OK,Test Youtube 1-27,text,true,,717241,118,1,1,https://www.youtube.com/,177,0,66
1764782559098,470,HTTP Request,200,OK,Test Youtube 1-28,text,true,,712443,232,1,1,https://www.youtube.com/,110,0,65
1764782559098,110,HTTP Request-0,301,Moved Permanently,Test Youtube 1-28,text,true,,1591,114,1,1,https://youtube.com/,110,0,65
1764782559208,360,HTTP Request-1,200,OK,Test Youtube 1-28,text,true,,710852,118,1,1,https://www.youtube.com/,180,0,67
1764782560297,482,HTTP Request,200,OK,Test Youtube 1-29,text,true,,715479,232,1,1,https://www.youtube.com/,125,0,73
1764782560297,125,HTTP Request-0,301,Moved Permanently,Test Youtube 1-29,text,true,,1591,114,1,1,https://youtube.com/,125,0,73
1764782560422,357,HTTP Request-1,200,OK,Test Youtube 1-29,text,true,,713888,118,1,1,https://www.youtube.com/,182,0,71
1764782561497,510,HTTP Request,200,OK,Test Youtube 1-30,text,true,,714615,232,1,1,https://www.youtube.com/,143,0,90
1764782561497,143,HTTP Request-0,301,Moved Permanently,Test Youtube 1-30,text,true,,1561,114,1,1,https://youtube.com/,143,0,90
1764782561640,367,HTTP Request-1,200,OK,Test Youtube 1-30,text,true,,713054,118,1,1,https://www.youtube.com/,189,0,65
1764782562697,598,HTTP Request,200,OK,Test Youtube 1-31,text,true,,720174,232,1,1,https://www.youtube.com/,111,0,67
1764782562697,111,HTTP Request-0,301,Moved Permanently,Test Youtube 1-31,text,true,,2137,114,1,1,https://youtube.com/,111,0,67
1764782562808,487,HTTP Request-1,200,OK,Test Youtube 1-31,text,true,,718037,118,1,1,https://www.youtube.com/,215,0,86
1764782563898,468,HTTP Request,200,OK,Test Youtube 1-32,text,true,,714584,232,1,1,https://www.youtube.com/,114,0,69
1764782563898,114,HTTP Request-0,301,Moved Permanently,Test Youtube 1-32,text,true,,2137,114,1,1,https://youtube.com/,114,0,69
1764782564012,354,HTTP Request-1,200,OK,Test Youtube 1-32,text,true,,712447,118,1,1,https://www.youtube.com/,180,0,67
1764782565097,989,HTTP Request,200,OK,Test Youtube 1-33,text,true,,712987,232,1,1,https://www.youtube.com/,218,0,91
1764782565097,218,HTTP Request-0,301,Moved Permanently,Test Youtube 1-33,text,true,,1591,114,1,1,https://youtube.com/,218,0,91
1764782565315,771,HTTP Request-1,200,OK,Test Youtube 1-33,text,true,,711396,118,1,1,https://www.youtube.com/,362,0,121
1764782566300,1265,HTTP Request,200,OK,Test Youtube 1-34,text,true,,714415,232,2,2,https://www.youtube.com/,288,0,89
1764782566300,288,HTTP Request-0,301,Moved Permanently,Test Youtube 1-34,text,true,,1591,114,2,2,https://youtube.com/,288,0,89
1764782566589,976,HTTP Request-1,200,OK,Test Youtube 1-34,text,true,,712824,118,2,2,https://www.youtube.com/,391,0,233
1764782567497,1477,HTTP Request,200,OK,Test Youtube 1-35,text,true,,722051,232,2,2,https://www.youtube.com/,651,0,161
1764782567497,651,HTTP Request-0,301,Moved Permanently,Test Youtube 1-35,text,true,,1561,114,2,2,https://youtube.com/,651,0,161
1764782568149,825,HTTP Request-1,200,OK,Test Youtube 1-35,text,true,,720490,118,2,2,https://www.youtube.com/,235,0,96
1764782568697,983,HTTP Request,200,OK,Test Youtube 1-36,text,true,,715430,232,1,1,https://www.youtube.com/,121,0,72
1764782568697,121,HTTP Request-0,301,Moved Permanently,Test Youtube 1-36,text,true,,2137,114,1,1,https://youtube.com/,121,0,72
1764782568819,861,HTTP Request-1,200,OK,Test Youtube 1-36,text,true,,713293,118,1,1,https://www.youtube.com/,650,0,194
1764782569899,629,HTTP Request,200,OK,Test Youtube 1-37,text,true,,718777,232,1,1,https://www.youtube.com/,161,0,106
1764782569899,161,HTTP Request-0,301,Moved Permanently,Test Youtube 1-37,text,true,,2107,114,1,1,https://youtube.com/,161,0,106
1764782570060,468,HTTP Request-1,200,OK,Test Youtube 1-37,text,true,,716670,118,1,1,https://www.youtube.com/,202,0,88
1764782571099,554,HTTP Request,200,OK,Test Youtube 1-38,text,true,,715474,232,1,1,https://www.youtube.com/,137,0,86
1764782571099,137,HTTP Request-0,301,Moved Permanently,Test Youtube 1-38,text,true,,1561,114,1,1,https://youtube.com/,137,0,86
1764782571236,417,HTTP Request-1,200,OK,Test Youtube 1-38,text,true,,713913,118,1,1,https://www.youtube.com/,190,0,67
1764782572311,691,HTTP Request,200,OK,Test Youtube 1-39,text,true,,716875,232,1,1,https://www.youtube.com/,146,0,89
1764782572311,146,HTTP Request-0,301,Moved Permanently,Test Youtube 1-39,text,true,,1591,114,1,1,https://youtube.com/,146,0,89
1764782572458,544,HTTP Request-1,200,OK,Test Youtube 1-39,text,true,,715284,118,1,1,https://www.youtube.com/,234,0,96
1764782573501,735,HTTP Request,200,OK,Test Youtube 1-40,text,true,,712153,232,1,1,https://www.youtube.com/,140,0,89
1764782573501,140,HTTP Request-0,301,Moved Permanently,Test Youtube 1-40,text,true,,1591,114,1,1,https://youtube.com/,140,0,89
1764782573642,594,HTTP Request-1,200,OK,Test Youtube 1-40,text,true,,710562,118,1,1,https://www.youtube.com/,261,0,132
1764782574700,678,HTTP Request,200,OK,Test Youtube 1-41,text,true,,712979,232,1,1,https://www.youtube.com/,113,0,68
1764782574700,113,HTTP Request-0,301,Moved Permanently,Test Youtube 1-41,text,true,,2107,114,1,1,https://youtube.com/,113,0,68
1764782574813,565,HTTP Request-1,200,OK,Test Youtube 1-41,text,true,,710872,118,1,1,https://www.youtube.com/,250,0,111
1764782575898,829,HTTP Request,200,OK,Test Youtube 1-42,text,true,,716647,232,1,1,https://www.youtube.com/,125,0,86
1764782575898,125,HTTP Request-0,301,Moved Permanently,Test Youtube 1-42,text,true,,1591,114,1,1,https://youtube.com/,125,0,86
1764782576024,703,HTTP Request-1,200,OK,Test Youtube 1-42,text,true,,715056,118,1,1,https://www.youtube.com/,214,0,91
1764782577099,544,HTTP Request,200,OK,Test Youtube 1-43,text,true,,717103,232,1,1,https://www.youtube.com/,141,0,97
1764782577099,141,HTTP Request-0,301,Moved Permanently,Test Youtube 1-43,text,true,,1591,114,1,1,https://youtube.com/,141,0,97
1764782577241,402,HTTP Request-1,200,OK,Test Youtube 1-43,text,true,,715512,118,1,1,https://www.youtube.com/,204,0,88
1764782578301,501,HTTP Request,200,OK,Test Youtube 1-44,text,true,,715669,232,1,1,https://www.youtube.com/,125,0,76
1764782578301,125,HTTP Request-0,301,Moved Permanently,Test Youtube 1-44,text,true,,2107,114,1,1,https://youtube.com/,125,0,76
1764782578426,376,HTTP Request-1,200,OK,Test Youtube 1-44,text,true,,713562,118,1,1,https://www.youtube.com/,193,0,79
1764782579512,510,HTTP Request,200,OK,Test Youtube 1-45,text,true,,714159,232,1,1,https://www.youtube.com/,124,0,79
1764782579512,124,HTTP Request-0,301,Moved Permanently,Test Youtube 1-45,text,true,,2137,114,1,1,https://youtube.com/,124,0,79
1764782579637,385,HTTP Request-1,200,OK,Test Youtube 1-45,text,true,,712022,118,1,1,https://www.youtube.com/,195,0,74
1764782580703,638,HTTP Request,200,OK,Test Youtube 1-46,text,true,,711747,232,1,1,https://www.youtube.com/,154,0,93
1764782580703,154,HTTP Request-0,301,Moved Permanently,Test Youtube 1-46,text,true,,2107,114,1,1,https://youtube.com/,154,0,93
1764782580857,484,HTTP Request-1,200,OK,Test Youtube 1-46,text,true,,709640,118,1,1,https://www.youtube.com/,233,0,103
1764782581902,590,HTTP Request,200,OK,Test Youtube 1-47,text,true,,727730,232,1,1,https://www.youtube.com/,124,0,65
1764782581902,124,HTTP Request-0,301,Moved Permanently,Test Youtube 1-47,text,true,,2137,114,1,1,https://youtube.com/,124,0,65
1764782582026,466,HTTP Request-1,200,OK,Test Youtube 1-47,text,true,,725593,118,1,1,https://www.youtube.com/,212,0,88
1764782583110,584,HTTP Request,200,OK,Test Youtube 1-48,text,true,,712135,232,1,1,https://www.youtube.com/,110,0,65
1764782583110,110,HTTP Request-0,301,Moved Permanently,Test Youtube 1-48,text,true,,2137,114,1,1,https://youtube.com/,110,0,65
1764782583220,474,HTTP Request-1,200,OK,Test Youtube 1-48,text,true,,709998,118,1,1,https://www.youtube.com/,214,0,93
1764782584310,493,HTTP Request,200,OK,Test Youtube 1-49,text,true,,713607,232,1,1,https://www.youtube.com/,122,0,70
1764782584310,122,HTTP Request-0,301,Moved Permanently,Test Youtube 1-49,text,true,,2137,114,1,1,https://youtube.com/,122,0,70
1764782584432,371,HTTP Request-1,200,OK,Test Youtube 1-49,text,true,,711470,118,1,1,https://www.youtube.com/,185,0,71
1764782585507,637,HTTP Request,200,OK,Test Youtube 1-50,text,true,,723302,232,1,1,https://www.youtube.com/,151,0,98
1764782585507,151,HTTP Request-0,301,Moved Permanently,Test Youtube 1-50,text,true,,1561,114,1,1,https://youtube.com/,151,0,98
1764782585658,486,HTTP Request-1,200,OK,Test Youtube 1-50,text,true,,721741,118,1,1,https://www.youtube.com/,220,0,91
